{
  "categories": [
    {
      "id": 0,
      "name": "Hump Bridge Warning"
    },
    {
      "id": 1,
      "name": "No Stopping"
    },
    {
      "id": 2,
      "name": "Right Bend Ahead"
    },
    {
      "id": 3,
      "name": "Speed Limit(30 km\/hr)"
    },
    {
      "id": 4,
      "name": "Traffic signal"
    },
    {
      "id": 5,
      "name": "Traffic signal(Stop)"
    },
    {
      "id": 6,
      "name": "Traffic signal(go)"
    },
    {
      "id": 7,
      "name": "car"
    },
    {
      "id": 8,
      "name": "speed limit(110km\/hr)"
    },
    {
      "id": 9,
      "name": "speed limit(120km\/hr)"
    },
    {
      "id": 10,
      "name": "speed limit(20km\/hr)"
    },
    {
      "id": 11,
      "name": "speed limit(40km\/hr)"
    },
    {
      "id": 12,
      "name": "speed limit(50km\/hr)"
    },
    {
      "id": 13,
      "name": "speed limit(70km\/hr)"
    },
    {
      "id": 14,
      "name": "speed limit(80km\/hr)"
    },
    {
      "id": 15,
      "name": "stop"
    }
  ],
  "info": {
    "year": 2025,
    "version": "1.0",
    "contributor": "Label Studio"
  }
}